genus,common_name,image_count,notes
Agaricus,Field and button mushrooms,353,Includes the widely cultivated edibles and toxic species such as the yellow-stainer.
Amanita,Amanitas,750,"Contains the deadliest known mushrooms, including the death cap and destroying angel."
Boletus,Boletes,1073,Pored rather than gilled; includes prized edibles alongside species causing gastric illness.
Cortinarius,Webcaps,836,"Contains orellanine-bearing species that cause delayed, often irreversible kidney failure."
Entoloma,Pinkgills,364,Pink spore print; several species cause severe gastrointestinal poisoning.
Hygrocybe,Waxcaps,316,"Small waxy grassland species, many of conservation interest; edibility mostly poor or unrecorded."
Lactarius,Milkcaps,1563,Exude latex when cut; palatability and toxicity vary sharply between species.
Russula,Brittlegills,1148,Very large genus; species separation usually needs spore prints or microscopy.
Suillus,Slippery jacks,311,Conifer-associated boletes; several are edible but commonly cause digestive upset.
